1;valid;2022-06-06 22:11:38.791751;first;2022-06-06 22:12:04.863657;
1;valid;AAAAAAAAAAAAAAAAAAAAAAAAAA;last;2022-06-06 22:12:19.216439;
1;valid;2022-06-06 22:11:43.826491;first;2022-06-06 22:12:45.165419;
1;valid;AAAAAAAAAAAAAAAAAAAAAAAAAA;last;2022-06-06 22:12:49.863247;
1;valid;2022-06-06 22:11:48.836356;first;2022-06-06 22:13:21.368292;
1;valid;2022-06-06 22:11:53.845878;first;2022-06-06 22:13:28.855774;
1;valid;AAAAAAAAAAAAAAAAAAAAAAAAAA;last;2022-06-06 22:13:33.559635;
1;valid;2022-06-06 22:11:58.861695;first;2022-06-06 22:13:40.488800;
1;valid;AAAAAAAAAAAAAAAAAAAAAAAAAA;last;2022-06-06 22:13:45.163851;
1;valid;AAAAAAAAAAAAAAAAAAAAAAAAAA;full;2022-06-06 22:13:56.837579;
1;valid;2022-06-06 22:12:03.872500;first;2022-06-06 22:14:18.317005;
1;valid;AAAAAAAAAAAAAAAAAAAAAAAAAA;last;2022-06-06 22:14:22.860654;
1;valid;2022-06-06 22:12:08.874400;first;2022-06-06 22:14:29.640557;
1;valid;AAAAAAAAAAAAAAAAAAAAAAAAAA;last;2022-06-06 22:14:34.230803;
1;valid;2022-06-06 22:12:13.888207;first;2022-06-06 22:14:41.057607;
1;valid;AAAAAAAAAAAAAAAAAAAAAAAAAA;last;2022-06-06 22:14:45.613230;
1;valid;2022-06-06 22:12:18.913684;first;2022-06-06 22:14:56.953934;
1;valid;AAAAAAAAAAAAAAAAAAAAAAAAAA;last;2022-06-06 22:15:01.504637;
1;valid;2022-06-06 22:12:23.925929;first;2022-06-06 22:15:08.162723;
1;valid;AAAAAAAAAAAAAAAAAAAAAAAAAA;last;2022-06-06 22:15:12.589575;
1;valid;2022-06-06 22:12:28.938277;first;2022-06-06 22:15:19.366632;
1;valid;AAAAAAAAAAAAAAAAAAAAAAAAAA;last;2022-06-06 22:15:23.782337;
1;valid;2022-06-06 22:12:33.961899;first;2022-06-06 22:15:30.656897;
1;valid;AAAAAAAAAAAAAAAAAAAAAAAAAA;last;2022-06-06 22:15:35.128016;
1;valid;2022-06-06 22:12:38.980083;first;2022-06-06 22:15:41.679796;
1;valid;AAAAAAAAAAAAAAAAAAAAAAAAAA;last;2022-06-06 22:15:46.212478;
1;valid;2022-06-06 22:12:44.000230;first;2022-06-06 22:15:53.036719;
1;valid;AAAAAAAAAAAAAAAAAAAAAAAAAA;last;2022-06-06 22:15:57.494878;
1;valid;2022-06-06 22:12:49.006746;first;2022-06-06 22:16:04.279141;
1;valid;AAAAAAAAAAAAAAAAAAAAAAAAAA;last;2022-06-06 22:16:08.908292;
1;valid;2022-06-06 22:12:54.032434;first;2022-06-06 22:16:15.752331;
1;valid;AAAAAAAAAAAAAAAAAAAAAAAAAA;last;2022-06-06 22:16:24.561731;
1;valid;2022-06-06 22:12:59.054330;first;2022-06-06 22:16:35.938663;
1;valid;AAAAAAAAAAAAAAAAAAAAAAAAAA;last;2022-06-06 22:16:40.359159;
1;valid;2022-06-06 22:13:04.076786;first;2022-06-06 22:16:47.087605;
1;valid;AAAAAAAAAAAAAAAAAAAAAAAAAA;last;2022-06-06 22:16:51.478636;
1;valid;2022-06-06 22:13:09.099083;first;2022-06-06 22:16:58.095587;
1;valid;AAAAAAAAAAAAAAAAAAAAAAAAAA;last;2022-06-06 22:17:02.548459;
1;valid;2022-06-06 22:13:14.119125;first;2022-06-06 22:17:09.239912;
1;valid;AAAAAAAAAAAAAAAAAAAAAAAAAA;last;2022-06-06 22:17:18.140723;
1;valid;2022-06-06 22:13:19.140901;first;2022-06-06 22:17:24.864220;
1;valid;AAAAAAAAAAAAAAAAAAAAAAAAAA;last;2022-06-06 22:17:29.431978;
1;valid;2022-06-06 22:13:24.158049;first;2022-06-06 22:17:36.074391;
1;valid;AAAAAAAAAAAAAAAAAAAAAAAAAA;last;2022-06-06 22:17:40.676496;
1;valid;AAAAAAAAAAAAAAAAAAAAAAAAAA;multi_received;
1;valid;2022-06-06 22:13:29.176124;first;2022-06-06 22:17:54.061030;
1;valid;AAAAAAAAAAAAAAAAAAAAAAAAAA;last;2022-06-06 22:17:58.466645;
1;valid;2022-06-06 22:13:34.193675;first;2022-06-06 22:18:05.300787;
1;valid;AAAAAAAAAAAAAAAAAAAAAAAAAA;last;2022-06-06 22:18:09.714976;
1;valid;2022-06-06 22:13:39.205307;first;2022-06-06 22:18:16.531017;
1;valid;AAAAAAAAAAAAAAAAAAAAAAAAAA;last;2022-06-06 22:18:21.159859;
1;valid;2022-06-06 22:13:44.215003;first;2022-06-06 22:18:32.971330;
1;valid;AAAAAAAAAAAAAAAAAAAAAAAAAA;last;2022-06-06 22:18:37.561400;
1;valid;2022-06-06 22:13:49.231988;first;2022-06-06 22:18:44.247811;
1;valid;AAAAAAAAAAAAAAAAAAAAAAAAAA;last;2022-06-06 22:18:53.057276;
1;valid;2022-06-06 22:13:54.249417;first;2022-06-06 22:18:59.880035;
1;valid;AAAAAAAAAAAAAAAAAAAAAAAAAA;last;2022-06-06 22:19:04.473336;
1;valid;2022-06-06 22:13:59.271863;first;2022-06-06 22:19:31.022013;
1;valid;AAAAAAAAAAAAAAAAAAAAAAAAAA;last;2022-06-06 22:19:35.510257;
1;valid;2022-06-06 22:14:04.294241;first;2022-06-06 22:19:42.386019;
1;valid;AAAAAAAAAAAAAAAAAAAAAAAAAA;last;2022-06-06 22:19:46.862240;
1;valid;2022-06-06 22:14:09.309241;first;2022-06-06 22:19:53.543196;
1;valid;AAAAAAAAAAAAAAAAAAAAAAAAAA;last;2022-06-06 22:19:58.068348;
1;valid;2022-06-06 22:14:14.320181;first;2022-06-06 22:20:04.931544;
1;valid;AAAAAAAAAAAAAAAAAAAAAAAAAA;last;2022-06-06 22:20:09.592741;
1;valid;2022-06-06 22:14:19.328113;first;2022-06-06 22:20:16.482941;
1;valid;AAAAAAAAAAAAAAAAAAAAAAAAAA;last;2022-06-06 22:20:21.205998;
1;valid;2022-06-06 22:14:24.345544;first;2022-06-06 22:20:28.161086;
1;valid;AAAAAAAAAAAAAAAAAAAAAAAAAA;last;2022-06-06 22:20:37.405970;
1;valid;2022-06-06 22:14:29.357041;first;2022-06-06 22:20:44.279959;
1;valid;AAAAAAAAAAAAAAAAAAAAAAAAAA;last;2022-06-06 22:20:48.791539;
1;valid;2022-06-06 22:14:34.360782;first;2022-06-06 22:21:15.113907;
1;valid;AAAAAAAAAAAAAAAAAAAAAAAAAA;last;2022-06-06 22:21:19.785932;
1;valid;2022-06-06 22:14:39.368785;first;2022-06-06 22:21:26.799101;
1;valid;AAAAAAAAAAAAAAAAAAAAAAAAAA;last;2022-06-06 22:21:36.106251;
1;valid;2022-06-06 22:14:44.379701;first;2022-06-06 22:21:42.923846;
1;valid;AAAAAAAAAAAAAAAAAAAAAAAAAA;last;2022-06-06 22:21:47.473029;
1;valid;2022-06-06 22:14:49.389813;first;2022-06-06 22:21:59.395291;
1;valid;AAAAAAAAAAAAAAAAAAAAAAAAAA;last;2022-06-06 22:22:04.045269;
1;valid;2022-06-06 22:14:54.398430;first;2022-06-06 22:22:15.926306;
1;valid;AAAAAAAAAAAAAAAAAAAAAAAAAA;last;2022-06-06 22:22:20.517692;
1;valid;2022-06-06 22:14:59.417639;first;2022-06-06 22:22:27.526644;
1;valid;AAAAAAAAAAAAAAAAAAAAAAAAAA;last;2022-06-06 22:22:32.296583;
1;valid;2022-06-06 22:15:04.438709;first;2022-06-06 22:22:44.092214;
1;valid;AAAAAAAAAAAAAAAAAAAAAAAAAA;last;2022-06-06 22:22:48.629218;
1;valid;2022-06-06 22:15:09.444902;first;2022-06-06 22:23:00.419967;
1;valid;AAAAAAAAAAAAAAAAAAAAAAAAAA;last;2022-06-06 22:23:04.950906;
1;valid;2022-06-06 22:15:14.458457;first;2022-06-06 22:23:25.950447;
1;valid;AAAAAAAAAAAAAAAAAAAAAAAAAA;last;2022-06-06 22:23:30.557400;
1;valid;2022-06-06 22:15:19.468530;first;2022-06-06 22:23:37.262534;
1;valid;AAAAAAAAAAAAAAAAAAAAAAAAAA;last;2022-06-06 22:23:41.905140;
1;valid;2022-06-06 22:15:24.476893;first;2022-06-06 22:23:48.602600;
1;valid;AAAAAAAAAAAAAAAAAAAAAAAAAA;last;2022-06-06 22:23:52.963396;
1;valid;2022-06-06 22:15:29.487517;first;2022-06-06 22:23:59.916054;
1;valid;AAAAAAAAAAAAAAAAAAAAAAAAAA;last;2022-06-06 22:24:04.439963;
1;valid;2022-06-06 22:15:34.497578;first;2022-06-06 22:24:11.319312;
1;valid;AAAAAAAAAAAAAAAAAAAAAAAAAA;last;2022-06-06 22:24:20.141486;
1;valid;2022-06-06 22:15:39.508905;first;2022-06-06 22:24:26.898986;
1;valid;AAAAAAAAAAAAAAAAAAAAAAAAAA;last;2022-06-06 22:24:31.553547;
1;valid;2022-06-06 22:15:44.515222;first;2022-06-06 22:24:38.306028;
1;valid;AAAAAAAAAAAAAAAAAAAAAAAAAA;last;2022-06-06 22:24:42.801098;
1;valid;2022-06-06 22:15:49.528065;first;2022-06-06 22:24:49.697454;
1;valid;AAAAAAAAAAAAAAAAAAAAAAAAAA;last;2022-06-06 22:24:54.141862;
1;valid;2022-06-06 22:15:54.535701;first;2022-06-06 22:25:01.054739;
1;valid;AAAAAAAAAAAAAAAAAAAAAAAAAA;last;2022-06-06 22:25:05.417904;
1;valid;2022-06-06 22:15:59.544386;first;2022-06-06 22:25:16.811287;
1;valid;AAAAAAAAAAAAAAAAAAAAAAAAAA;last;2022-06-06 22:25:21.231495;
1;valid;2022-06-06 22:16:04.556293;first;2022-06-06 22:25:28.188496;
1;valid;AAAAAAAAAAAAAAAAAAAAAAAAAA;last;2022-06-06 22:25:32.681532;
1;valid;2022-06-06 22:16:09.568850;first;2022-06-06 22:25:39.283363;
1;valid;AAAAAAAAAAAAAAAAAAAAAAAAAA;last;2022-06-06 22:25:43.665087;
1;valid;2022-06-06 22:16:14.579973;first;2022-06-06 22:25:50.472924;
1;valid;AAAAAAAAAAAAAAAAAAAAAAAAAA;last;2022-06-06 22:25:55.104577;
1;valid;2022-06-06 22:16:19.595803;first;2022-06-06 22:26:01.953189;
1;valid;AAAAAAAAAAAAAAAAAAAAAAAAAA;last;2022-06-06 22:26:06.601813;
1;valid;2022-06-06 22:16:24.607663;first;2022-06-06 22:26:13.457975;
1;valid;AAAAAAAAAAAAAAAAAAAAAAAAAA;last;2022-06-06 22:26:18.001251;
1;valid;2022-06-06 22:16:29.620867;first;2022-06-06 22:26:24.636451;
1;valid;AAAAAAAAAAAAAAAAAAAAAAAAAA;last;2022-06-06 22:26:29.207207;
1;valid;2022-06-06 22:16:34.629515;first;2022-06-06 22:26:36.056462;
1;valid;AAAAAAAAAAAAAAAAAAAAAAAAAA;last;2022-06-06 22:26:40.489654;
1;valid;2022-06-06 22:16:39.646320;first;2022-06-06 22:26:47.228221;
1;valid;AAAAAAAAAAAAAAAAAAAAAAAAAA;last;2022-06-06 22:26:51.727518;
1;valid;2022-06-06 22:16:44.667188;first;2022-06-06 22:26:58.458378;
1;valid;AAAAAAAAAAAAAAAAAAAAAAAAAA;last;2022-06-06 22:27:02.880165;
1;valid;2022-06-06 22:16:49.678240;first;2022-06-06 22:27:14.681741;
1;valid;AAAAAAAAAAAAAAAAAAAAAAAAAA;last;2022-06-06 22:27:19.213476;
1;valid;2022-06-06 22:16:54.690037;first;2022-06-06 22:27:26.086027;
1;valid;AAAAAAAAAAAAAAAAAAAAAAAAAA;last;2022-06-06 22:27:30.696303;
1;valid;2022-06-06 22:16:59.698147;first;2022-06-06 22:27:37.517706;
1;valid;AAAAAAAAAAAAAAAAAAAAAAAAAA;last;2022-06-06 22:27:42.053264;
1;valid;2022-06-06 22:17:04.714670;first;2022-06-06 22:27:48.628732;
1;valid;AAAAAAAAAAAAAAAAAAAAAAAAAA;last;2022-06-06 22:27:53.011080;
1;valid;2022-06-06 22:17:09.728240;first;2022-06-06 22:27:59.857932;
1;valid;AAAAAAAAAAAAAAAAAAAAAAAAAA;last;2022-06-06 22:28:04.287480;
1;valid;2022-06-06 22:17:14.748109;first;2022-06-06 22:28:11.159233;
1;valid;AAAAAAAAAAAAAAAAAAAAAAAAAA;last;2022-06-06 22:28:15.667878;
1;valid;2022-06-06 22:17:19.754841;first;2022-06-06 22:28:22.480293;
1;valid;AAAAAAAAAAAAAAAAAAAAAAAAAA;last;2022-06-06 22:28:27.055241;
1;valid;2022-06-06 22:17:24.774007;first;2022-06-06 22:28:48.703875;
1;valid;AAAAAAAAAAAAAAAAAAAAAAAAAA;last;2022-06-06 22:28:53.236978;
1;valid;2022-06-06 22:17:29.776563;first;2022-06-06 22:29:19.952561;
1;valid;AAAAAAAAAAAAAAAAAAAAAAAAAA;last;2022-06-06 22:29:24.555387;
1;valid;2022-06-06 22:17:34.789065;first;2022-06-06 22:29:51.050799;
1;valid;AAAAAAAAAAAAAAAAAAAAAAAAAA;last;2022-06-06 22:29:55.707732;
1;valid;2022-06-06 22:17:39.800594;first;2022-06-06 22:30:02.576032;
1;valid;AAAAAAAAAAAAAAAAAAAAAAAAAA;last;2022-06-06 22:30:07.148675;
1;valid;2022-06-06 22:17:44.807801;first;2022-06-06 22:30:14.117010;
1;valid;AAAAAAAAAAAAAAAAAAAAAAAAAA;last;2022-06-06 22:30:18.788475;
1;valid;2022-06-06 22:17:49.818201;first;2022-06-06 22:30:25.425140;
1;valid;AAAAAAAAAAAAAAAAAAAAAAAAAA;last;2022-06-06 22:30:30.240830;
1;valid;2022-06-06 22:17:54.829304;first;2022-06-06 22:30:42.079569;
1;valid;AAAAAAAAAAAAAAAAAAAAAAAAAA;last;2022-06-06 22:30:46.662031;
1;valid;2022-06-06 22:17:59.837153;first;2022-06-06 22:30:53.577795;
1;valid;AAAAAAAAAAAAAAAAAAAAAAAAAA;last;2022-06-06 22:30:58.132089;
1;valid;2022-06-06 22:18:04.850482;first;2022-06-06 22:31:04.921237;
1;valid;AAAAAAAAAAAAAAAAAAAAAAAAAA;last;2022-06-06 22:31:09.431683;
1;valid;2022-06-06 22:18:09.858471;first;2022-06-06 22:31:16.129982;
1;valid;AAAAAAAAAAAAAAAAAAAAAAAAAA;last;2022-06-06 22:31:20.642306;
1;valid;2022-06-06 22:18:14.866624;first;2022-06-06 22:31:27.461830;
1;valid;AAAAAAAAAAAAAAAAAAAAAAAAAA;last;2022-06-06 22:31:31.906165;
1;valid;2022-06-06 22:18:19.870784;first;2022-06-06 22:31:38.816196;
1;valid;AAAAAAAAAAAAAAAAAAAAAAAAAA;last;2022-06-06 22:31:43.353420;
1;valid;2022-06-06 22:18:24.877231;first;2022-06-06 22:31:50.099601;
1;valid;AAAAAAAAAAAAAAAAAAAAAAAAAA;last;2022-06-06 22:31:54.567052;
1;valid;2022-06-06 22:18:29.889092;first;2022-06-06 22:32:01.484116;
1;valid;AAAAAAAAAAAAAAAAAAAAAAAAAA;last;2022-06-06 22:32:06.094367;
1;valid;2022-06-06 22:18:34.907059;first;2022-06-06 22:32:12.932499;
1;valid;AAAAAAAAAAAAAAAAAAAAAAAAAA;last;2022-06-06 22:32:17.376123;
1;valid;2022-06-06 22:18:39.917953;first;2022-06-06 22:32:24.170956;
1;valid;AAAAAAAAAAAAAAAAAAAAAAAAAA;last;2022-06-06 22:32:28.927304;
1;valid;2022-06-06 22:18:44.932480;first;2022-06-06 22:32:35.704279;
1;valid;AAAAAAAAAAAAAAAAAAAAAAAAAA;last;2022-06-06 22:32:40.263002;
1;valid;2022-06-06 22:18:49.936982;first;2022-06-06 22:32:47.037620;
1;valid;AAAAAAAAAAAAAAAAAAAAAAAAAA;last;2022-06-06 22:32:51.611721;
1;valid;2022-06-06 22:18:54.945300;first;2022-06-06 22:32:58.333226;
1;valid;AAAAAAAAAAAAAAAAAAAAAAAAAA;last;2022-06-06 22:33:02.850170;
1;valid;2022-06-06 22:18:59.960460;first;2022-06-06 22:33:09.786137;
1;valid;AAAAAAAAAAAAAAAAAAAAAAAAAA;last;2022-06-06 22:33:14.500938;
1;valid;2022-06-06 22:19:04.976206;first;2022-06-06 22:33:21.176192;
1;valid;AAAAAAAAAAAAAAAAAAAAAAAAAA;last;2022-06-06 22:33:25.734945;
1;valid;2022-06-06 22:19:09.990905;first;2022-06-06 22:33:32.548934;
1;valid;AAAAAAAAAAAAAAAAAAAAAAAAAA;last;2022-06-06 22:33:37.076899;
1;valid;2022-06-06 22:19:15.001903;first;2022-06-06 22:33:43.856140;
1;valid;AAAAAAAAAAAAAAAAAAAAAAAAAA;last;2022-06-06 22:33:48.384270;
1;valid;2022-06-06 22:19:20.012231;first;2022-06-06 22:33:55.280044;
1;valid;AAAAAAAAAAAAAAAAAAAAAAAAAA;last;2022-06-06 22:33:59.775524;
1;valid;2022-06-06 22:19:25.019002;first;2022-06-06 22:34:06.574450;
1;valid;AAAAAAAAAAAAAAAAAAAAAAAAAA;last;2022-06-06 22:34:11.118698;
1;valid;2022-06-06 22:19:30.027968;first;2022-06-06 22:34:17.961186;
1;valid;AAAAAAAAAAAAAAAAAAAAAAAAAA;last;2022-06-06 22:34:22.412927;
1;valid;2022-06-06 22:19:35.038392;first;2022-06-06 22:34:29.415032;
1;valid;AAAAAAAAAAAAAAAAAAAAAAAAAA;last;2022-06-06 22:34:33.963646;
1;valid;2022-06-06 22:19:40.045449;first;2022-06-06 22:34:40.881251;
1;valid;AAAAAAAAAAAAAAAAAAAAAAAAAA;last;2022-06-06 22:34:45.548496;
1;valid;2022-06-06 22:19:45.057784;first;2022-06-06 22:34:52.555473;
1;valid;AAAAAAAAAAAAAAAAAAAAAAAAAA;last;2022-06-06 22:34:57.179152;
1;valid;2022-06-06 22:19:50.066688;first;2022-06-06 22:35:04.013681;
1;valid;AAAAAAAAAAAAAAAAAAAAAAAAAA;last;2022-06-06 22:35:08.534846;
